{
  "hash": "e9e461ed",
  "configHash": "af5c15ed",
  "lockfileHash": "32412020",
  "browserHash": "75841fe1",
  "optimized": {
    "@angular/core": {
      "src": "../../../../../node_modules/@angular/core/fesm2022/core.mjs",
      "file": "@angular_core.js",
      "fileHash": "e92af774",
      "needsInterop": false
    },
    "@angular/platform-browser": {
      "src": "../../../../../node_modules/@angular/platform-browser/fesm2022/platform-browser.mjs",
      "file": "@angular_platform-browser.js",
      "fileHash": "ac96c2b5",
      "needsInterop": false
    },
    "@angular/router": {
      "src": "../../../../../node_modules/@angular/router/fesm2022/router.mjs",
      "file": "@angular_router.js",
      "fileHash": "2e528996",
      "needsInterop": false
    },
    "@angular/common": {
      "src": "../../../../../node_modules/@angular/common/fesm2022/common.mjs",
      "file": "@angular_common.js",
      "fileHash": "aa46f241",
      "needsInterop": false
    },
    "@angular/forms": {
      "src": "../../../../../node_modules/@angular/forms/fesm2022/forms.mjs",
      "file": "@angular_forms.js",
      "fileHash": "126b3d7b",
      "needsInterop": false
    }
  },
  "chunks": {
    "chunk-LV6CG2NV": {
      "file": "chunk-LV6CG2NV.js"
    },
    "chunk-JNMCCJRC": {
      "file": "chunk-JNMCCJRC.js"
    },
    "chunk-ADFJBWRY": {
      "file": "chunk-ADFJBWRY.js"
    }
  }
}